,permco,gvkey,companyid,score,preferred,duplicate
0,35,001259,1362.0,3.0,1.0,0.0
1,216,001602,2068.0,1.0,1.0,0.0
2,250,007799,21659.0,1.0,1.0,1.0
3,250,007799,1651568.0,1.0,1.0,1.0
4,682,018738,28834.0,1.0,1.0,0.0
5,887,012713,584.0,6.0,1.0,1.0
6,887,012713,2179515.0,6.0,1.0,1.0
7,899,002950,6544.0,1.0,1.0,0.0
8,1308,003691,23530.0,6.0,0.0,1.0
9,1308,003691,3350556.0,2.0,1.0,1.0
10,1783,004632,887375.0,1.0,1.0,0.0
11,1928,005020,13028.0,1.0,1.0,0.0
12,2293,005888,15541.0,3.0,1.0,0.0
13,2576,006414,1080048.0,10.0,1.0,0.0
14,2589,006315,18255.0,3.0,1.0,0.0
15,3104,007637,3299324.0,6.0,1.0,0.0
16,3133,033114,21450.0,1.0,1.0,0.0
17,3213,007662,2514597.0,1.0,1.0,0.0
18,4108,009699,27939.0,1.0,1.0,0.0
19,4217,009330,28863.0,6.0,0.0,1.0
20,4217,009330,2068654.0,1.0,1.0,1.0
21,4690,010902,32106.0,1.0,1.0,0.0
22,5264,011183,32726.0,3.0,1.0,0.0
23,5308,003171,13091.0,1.0,1.0,0.0
24,5541,003917,9152.0,1.0,1.0,0.0
25,5545,007504,20514.0,2.0,1.0,0.0
26,5639,005118,13104.0,10.0,1.0,0.0
27,5651,007798,21700.0,2.0,1.0,1.0
28,5651,007798,1665695.0,6.0,0.0,1.0
29,5872,002226,4336.0,6.0,1.0,0.0
30,5949,003116,22600.0,1.0,1.0,0.0
31,6082,006677,18728.0,5.0,1.0,0.0
32,6249,003011,6728.0,1.0,1.0,0.0
33,6267,012757,24331.0,1.0,1.0,0.0
34,6282,001902,5897.0,5.0,1.0,1.0
35,6282,001902,1147470.0,5.0,1.0,1.0
36,6438,002222,550617.0,3.0,1.0,0.0
37,6463,009340,15436.0,3.0,1.0,0.0
38,6473,012717,7864.0,6.0,0.0,1.0
39,6473,012717,2305769.0,1.0,1.0,1.0
40,6512,004162,11441.0,2.0,1.0,0.0
41,6520,005336,4861.0,1.0,1.0,0.0
42,6560,005902,15684.0,1.0,1.0,0.0
43,6617,012711,6162.0,1.0,1.0,0.0
44,6646,008333,24317.0,3.0,1.0,0.0
45,6708,005841,8540.0,1.0,1.0,0.0
46,6863,004409,10842.0,1.0,1.0,0.0
47,6870,011793,1465.0,6.0,1.0,0.0
48,6905,012818,1025551.0,1.0,1.0,0.0
49,7385,012758,24899.0,10.0,1.0,0.0
50,7421,006924,19393.0,6.0,1.0,1.0
51,7421,006924,1096436.0,6.0,1.0,1.0
52,7449,002990,6209.0,6.0,1.0,0.0
53,7712,014446,17161.0,1.0,1.0,0.0
54,7827,007694,21519.0,3.0,1.0,0.0
55,7936,011914,15676.0,1.0,1.0,0.0
56,8028,011929,622034.0,1.0,1.0,1.0
57,8028,011929,2622265.0,6.0,0.0,1.0
58,8092,012180,23440.0,2.0,1.0,0.0
59,8135,012181,26081.0,1.0,1.0,0.0
60,8186,179598,3176.0,1.0,1.0,0.0
61,8237,001979,3424.0,1.0,1.0,0.0
62,8243,012233,13116.0,3.0,1.0,0.0
63,8254,012252,33873.0,1.0,1.0,0.0
64,8284,012250,874.0,2.0,1.0,0.0
65,8300,012274,8551.0,1.0,1.0,0.0
66,8377,012377,26103.0,1.0,1.0,0.0
67,8441,012433,20311.0,1.0,1.0,0.0
68,8527,012828,22732.0,3.0,1.0,0.0
69,8565,012575,8472.0,1.0,1.0,0.0
70,8721,013184,8557.0,3.0,1.0,0.0
71,8743,012915,23317.0,1.0,1.0,0.0
72,8839,012947,18617.0,9.0,0.0,1.0
73,8859,012942,25955.0,6.0,1.0,0.0
74,9146,013235,15675.0,1.0,1.0,0.0
75,9252,013365,3607.0,1.0,1.0,0.0
76,9257,013484,10634.0,6.0,1.0,1.0
77,9257,013484,2578208.0,6.0,1.0,1.0
78,9374,013599,6177.0,1.0,1.0,0.0
79,9426,013704,31732.0,5.0,1.0,0.0
80,9457,013786,2304.0,2.0,0.0,1.0
81,9457,013786,2037610.0,1.0,1.0,1.0
82,9476,013765,21652.0,2.0,1.0,0.0
83,9526,013839,5587.0,1.0,1.0,0.0
84,9554,014186,80044.0,3.0,1.0,0.0
85,9570,013938,16904.0,10.0,1.0,0.0
86,9674,014285,4027.0,1.0,1.0,0.0
87,9743,014304,1228.0,3.0,1.0,0.0
88,9747,014636,3269516.0,10.0,1.0,0.0
89,9809,014555,59962.0,3.0,1.0,0.0
90,9879,014597,7355.0,1.0,1.0,0.0
91,9899,014603,24165.0,1.0,1.0,0.0
92,9902,014622,21768.0,1.0,1.0,0.0
93,10000,014918,22595.0,1.0,1.0,0.0
94,10020,014983,2326096.0,1.0,1.0,0.0
95,10074,015178,1224952.0,6.0,1.0,0.0
96,10107,015414,30123.0,1.0,1.0,0.0
97,10108,015446,10551.0,1.0,1.0,1.0
98,10108,015446,590430.0,6.0,0.0,1.0
99,10253,016480,7962.0,1.0,1.0,0.0
100,10288,016453,21756.0,1.0,1.0,0.0
101,10321,019069,21930.0,1.0,1.0,0.0
102,10341,016488,34132.0,1.0,1.0,0.0
103,10380,017101,15683.0,1.0,1.0,0.0
104,10390,017199,8339.0,1.0,1.0,0.0
105,10513,020983,246407.0,1.0,1.0,0.0
106,10521,021066,577092.0,1.0,1.0,0.0
107,10535,021186,20122.0,1.0,1.0,0.0
108,10564,021246,23933.0,3.0,1.0,0.0
109,10580,021659,15680.0,1.0,1.0,0.0
110,10581,021505,485651.0,6.0,1.0,0.0
111,10589,021685,2977.0,1.0,1.0,0.0
112,10593,021776,3173.0,1.0,1.0,0.0
113,10621,022250,27897.0,2.0,1.0,0.0
114,10716,023000,487.0,6.0,1.0,0.0
115,10827,007526,25598.0,1.0,1.0,0.0
116,10874,023799,2323.0,3.0,1.0,0.0
117,10876,023812,25954.0,1.0,1.0,0.0
118,10902,023945,6357.0,1.0,1.0,0.0
119,10925,024008,20139.0,1.0,1.0,0.0
120,10937,024040,17053.0,1.0,1.0,0.0
121,10965,024110,15455.0,2.0,1.0,0.0
122,10975,024179,13024.0,1.0,1.0,0.0
123,10989,024197,15486.0,2.0,1.0,0.0
124,10990,024191,20037.0,1.0,1.0,0.0
125,10999,024220,3598524.0,10.0,1.0,0.0
126,11042,024344,32537.0,1.0,1.0,0.0
127,11067,024385,29849.0,10.0,1.0,0.0
128,11101,038496,22670.0,1.0,1.0,0.0
129,11112,024468,15481.0,6.0,0.0,1.0
130,11112,024468,440155.0,1.0,1.0,1.0
131,11117,024473,27627.0,1.0,1.0,0.0
132,11176,024648,1633.0,3.0,1.0,0.0
133,11198,024689,4968.0,1.0,1.0,0.0
134,11206,024710,1324393.0,1.0,1.0,0.0
135,11209,024699,15637.0,1.0,1.0,0.0
136,11210,020245,4365.0,1.0,1.0,0.0
137,11221,164605,10859.0,2.0,1.0,0.0
138,11245,024771,13013.0,1.0,1.0,0.0
139,11260,024781,13101.0,3.0,1.0,0.0
140,11286,024843,2134.0,1.0,1.0,0.0
141,11290,024898,9773.0,1.0,1.0,0.0
142,11300,024856,13273.0,1.0,1.0,0.0
143,11316,024878,25288.0,2.0,1.0,0.0
144,11329,024907,28777.0,3.0,1.0,0.0
145,11330,024908,9773.0,9.0,1.0,0.0
146,11383,024996,4419.0,3.0,0.0,1.0
147,11383,024996,1601866.0,1.0,1.0,1.0
148,11405,025047,27304.0,1.0,1.0,0.0
149,11432,025095,864575.0,10.0,0.0,1.0
150,11450,025121,27435.0,10.0,1.0,0.0
151,11608,025514,19802.0,3.0,1.0,0.0
152,11612,025523,2519.0,10.0,1.0,1.0
153,11612,025523,3307513.0,10.0,1.0,1.0
154,11645,025623,14871.0,1.0,1.0,0.0
155,11786,025906,25584.0,1.0,1.0,0.0
156,11795,025924,21766.0,6.0,0.0,1.0
157,11795,025924,1687155.0,3.0,1.0,1.0
158,11806,025937,18868.0,1.0,1.0,0.0
159,11915,027747,6178.0,1.0,1.0,0.0
160,11922,027765,23424.0,1.0,1.0,0.0
161,11936,027784,14627.0,5.0,1.0,0.0
162,11959,027825,2895.0,3.0,1.0,0.0
163,11989,027896,26906.0,6.0,1.0,0.0
164,12005,035632,32614.0,1.0,1.0,0.0
165,12040,027988,34156.0,1.0,1.0,0.0
166,12119,028209,2234.0,1.0,1.0,0.0
167,12204,028806,16285.0,1.0,1.0,0.0
168,12265,028563,109122.0,2.0,1.0,0.0
169,12379,028795,23528.0,3.0,1.0,0.0
170,12489,029032,16154.0,1.0,1.0,0.0
171,12516,029086,23670.0,1.0,1.0,0.0
172,12567,029165,14960.0,1.0,1.0,0.0
173,12604,029278,19719.0,1.0,1.0,0.0
174,12630,029312,15203.0,1.0,1.0,0.0
175,12636,025089,17023.0,6.0,1.0,0.0
176,12643,029344,1223960.0,5.0,1.0,0.0
177,12804,029650,1640534.0,10.0,1.0,0.0
178,12845,030185,5780.0,2.0,1.0,0.0
179,12902,029837,4327.0,1.0,1.0,0.0
180,12980,179428,421686.0,2.0,1.0,0.0
181,12981,030007,32852.0,3.0,1.0,0.0
182,13012,030095,25615.0,6.0,1.0,0.0
183,13036,030137,16049.0,1.0,1.0,0.0
184,13073,030205,9038.0,1.0,1.0,0.0
185,13098,030674,2553.0,1.0,1.0,0.0
186,13099,030236,29981.0,3.0,0.0,1.0
187,13099,332115,2344861.0,1.0,1.0,1.0
188,13110,030257,22512.0,3.0,1.0,0.0
189,13113,030255,22623.0,2.0,1.0,0.0
190,13125,030281,18308.0,1.0,1.0,1.0
191,13125,030281,2039703.0,1.0,1.0,1.0
192,13161,030368,2775212.0,10.0,1.0,0.0
193,13236,031689,21501.0,1.0,1.0,0.0
194,13539,031477,5192.0,1.0,1.0,0.0
195,13780,060875,27654.0,1.0,1.0,0.0
196,13838,031403,838.0,6.0,1.0,0.0
197,13915,061140,9353.0,3.0,0.0,1.0
198,13915,061140,2653850.0,6.0,0.0,1.0
199,13915,061140,3194858.0,1.0,1.0,1.0
200,13934,061166,6187.0,3.0,1.0,1.0
201,13934,182826,2025188.0,3.0,1.0,1.0
202,13935,061167,32719.0,1.0,1.0,0.0
203,13950,037640,2730376.0,1.0,1.0,0.0
204,13997,061361,1146327.0,6.0,1.0,0.0
205,14031,061399,21434.0,1.0,1.0,0.0
206,14073,061448,24321.0,1.0,1.0,0.0
207,14093,062525,14632.0,1.0,1.0,0.0
208,14109,061508,634393.0,10.0,1.0,0.0
209,14165,061600,23799.0,1.0,1.0,0.0
210,14232,061711,481560.0,3.0,0.0,1.0
211,14232,061711,1955483.0,2.0,1.0,1.0
212,14243,061745,15696.0,6.0,0.0,1.0
213,14243,018888,1560214.0,1.0,1.0,1.0
214,14288,061940,2307805.0,6.0,1.0,0.0
215,14293,061836,30782.0,4.0,0.0,1.0
216,14293,061836,2349326.0,1.0,1.0,1.0
217,14294,062497,23417.0,6.0,1.0,0.0
218,14304,061871,24316.0,2.0,1.0,1.0
219,14304,036049,3158781.0,2.0,1.0,1.0
220,14309,061901,21764.0,4.0,0.0,1.0
221,14309,179731,1949578.0,3.0,1.0,1.0
222,14310,061899,15273.0,3.0,1.0,0.0
223,14326,062237,7677.0,1.0,1.0,0.0
224,14332,061980,602654.0,5.0,1.0,0.0
225,14381,062170,21769.0,1.0,1.0,0.0
226,14394,062263,1355.0,1.0,1.0,0.0
227,14432,062382,29603.0,1.0,1.0,0.0
228,14522,062632,26232.0,1.0,1.0,0.0
229,14558,062700,421801.0,1.0,1.0,0.0
230,14594,062784,20712.0,1.0,1.0,0.0
231,14603,062826,23208.0,1.0,1.0,0.0
232,14604,062821,4796.0,6.0,1.0,0.0
233,14644,062913,9211.0,1.0,1.0,0.0
234,14645,062911,3232.0,1.0,1.0,0.0
235,14659,062921,21929.0,1.0,1.0,0.0
236,14715,063030,10788.0,3.0,1.0,0.0
237,14742,063084,7300.0,1.0,1.0,0.0
238,14772,063162,2607.0,6.0,1.0,0.0
239,14845,063863,32027.0,1.0,1.0,0.0
240,14849,063374,488612.0,5.0,1.0,0.0
241,14851,063385,32448.0,1.0,1.0,0.0
242,14859,063405,13173.0,1.0,1.0,0.0
243,14880,063446,3556292.0,1.0,1.0,0.0
244,14965,063604,383.0,6.0,1.0,0.0
245,14977,063650,21752.0,1.0,1.0,0.0
246,15014,063700,2262.0,6.0,1.0,0.0
247,15040,063789,2612.0,1.0,1.0,0.0
248,15048,063804,31164.0,6.0,1.0,0.0
249,15079,063866,8406.0,1.0,1.0,0.0
250,15094,061880,750822.0,1.0,1.0,0.0
251,15097,063901,748542.0,1.0,1.0,1.0
252,15097,063901,1811136.0,6.0,0.0,1.0
253,15155,064004,32751.0,1.0,1.0,0.0
254,15158,021118,569.0,1.0,1.0,0.0
255,15159,063996,8461.0,2.0,1.0,0.0
256,15244,026922,3387532.0,1.0,1.0,1.0
257,15300,064314,10863.0,1.0,1.0,0.0
258,15306,064327,6389.0,1.0,1.0,0.0
259,15314,064334,401.0,1.0,1.0,0.0
260,15330,064375,4398.0,3.0,1.0,0.0
261,15350,064412,15567.0,1.0,1.0,0.0
262,15354,165934,2557.0,3.0,1.0,0.0
263,15377,064542,18147.0,1.0,1.0,0.0
264,15401,064515,6184.0,2.0,1.0,0.0
265,15507,064857,3218.0,1.0,1.0,0.0
266,15560,065011,14719.0,1.0,1.0,0.0
267,15576,065033,3419419.0,10.0,1.0,0.0
268,15580,031418,25600.0,3.0,1.0,0.0
269,15587,064182,3190.0,6.0,1.0,0.0
270,15614,064626,29830.0,1.0,1.0,0.0
271,15638,182309,15329.0,1.0,1.0,0.0
272,15652,065280,16547.0,6.0,1.0,0.0
273,15665,065317,17793.0,1.0,1.0,0.0
274,15686,065376,2797224.0,2.0,1.0,0.0
275,15689,065404,32234.0,6.0,1.0,0.0
276,15738,065578,7903.0,1.0,1.0,0.0
277,15744,192856,31328.0,1.0,1.0,0.0
278,15782,065703,7467.0,3.0,1.0,0.0
279,15802,065944,9034.0,1.0,1.0,0.0
280,15832,065872,25188.0,1.0,1.0,0.0
281,15844,065893,13022.0,1.0,1.0,1.0
282,15844,065893,1636098.0,6.0,0.0,1.0
283,15849,065905,4317.0,1.0,1.0,0.0
284,15860,065930,16361.0,3.0,1.0,1.0
285,15860,065930,1658022.0,6.0,0.0,1.0
286,15891,022507,8064.0,1.0,1.0,0.0
287,15900,066073,23629.0,6.0,1.0,0.0
288,15905,021136,1764.0,1.0,1.0,0.0
289,15908,163087,19318.0,3.0,1.0,0.0
290,15979,066496,22725.0,1.0,1.0,0.0
291,16017,066698,8430.0,1.0,1.0,0.0
292,16049,109425,21488.0,1.0,1.0,0.0
293,16085,061276,13472.0,3.0,1.0,0.0
294,16091,066726,736205.0,6.0,1.0,0.0
295,16148,111492,650050.0,1.0,1.0,0.0
296,16179,112033,17934.0,1.0,1.0,0.0
297,16195,112178,472.0,1.0,1.0,0.0
298,16224,112720,21645.0,1.0,1.0,0.0
299,16262,113533,24114.0,1.0,1.0,0.0
300,16357,026809,2558075.0,1.0,1.0,0.0
301,16397,118081,1285.0,1.0,1.0,0.0
302,16415,112968,19581.0,1.0,1.0,0.0
303,16425,118577,16904.0,1.0,1.0,0.0
304,16494,120051,15674.0,3.0,1.0,0.0
305,16587,121440,32166.0,1.0,1.0,0.0
306,16619,121819,32401.0,6.0,1.0,0.0
307,16668,122257,4354.0,1.0,1.0,0.0
308,16691,122315,4384.0,3.0,1.0,0.0
309,17524,127481,19887.0,1.0,1.0,0.0
310,17922,108846,1070052.0,10.0,1.0,0.0
311,17936,129466,2278.0,1.0,1.0,0.0
312,17989,128098,17162.0,5.0,1.0,0.0
313,18442,106501,12252.0,3.0,1.0,0.0
314,18443,013288,29084.0,1.0,1.0,0.0
315,18456,133246,16377.0,1.0,1.0,0.0
316,18698,133424,1524.0,2.0,1.0,0.0
317,18700,133328,1104986.0,1.0,1.0,0.0
318,18709,133504,19270.0,1.0,1.0,0.0
319,20007,001034,1595.0,1.0,1.0,0.0
320,20086,001478,1847.0,2.0,1.0,0.0
321,20276,002085,3680.0,3.0,1.0,0.0
322,20277,002086,3684.0,1.0,1.0,0.0
323,20331,002403,5118.0,1.0,1.0,0.0
324,20753,004843,12276.0,2.0,1.0,0.0
325,21018,006266,17478.0,1.0,1.0,0.0
326,21102,006730,18888.0,2.0,1.0,0.0
327,21188,007257,27219.0,1.0,1.0,0.0
328,21214,007536,24318.0,6.0,1.0,0.0
329,21274,007850,22836.0,1.0,1.0,0.0
330,21387,008488,2361.0,1.0,1.0,0.0
331,21394,008530,24296.0,1.0,1.0,0.0
332,21531,009236,3310339.0,10.0,1.0,0.0
333,21575,009459,27219.0,10.0,1.0,0.0
334,22092,015708,1426.0,1.0,1.0,0.0
335,29794,027906,26014.0,1.0,1.0,0.0
336,30033,029127,15783.0,1.0,1.0,0.0
337,30088,029992,30505.0,1.0,1.0,0.0
338,31389,061655,22589.0,1.0,1.0,0.0
339,31693,063246,19865.0,1.0,1.0,0.0
340,31732,063690,12242.0,5.0,1.0,0.0
341,31821,064162,8065.0,1.0,1.0,0.0
342,31920,184487,13581.0,3.0,1.0,0.0
343,31987,064708,33237.0,2.0,1.0,0.0
344,36760,106261,10424.0,3.0,1.0,0.0
345,36949,012713,584.0,6.0,0.0,1.0
346,36949,012713,2179515.0,1.0,1.0,1.0
347,37135,177606,605307.0,2.0,1.0,0.0
348,37144,161088,3307.0,1.0,1.0,0.0
349,37154,133885,11375.0,1.0,1.0,0.0
350,37167,133868,18767.0,1.0,1.0,0.0
351,37171,034709,22105.0,1.0,1.0,0.0
352,37183,134685,24899.0,1.0,1.0,0.0
353,37188,133871,27006.0,1.0,1.0,0.0
354,37191,133731,29972.0,1.0,1.0,0.0
355,37489,002990,6209.0,1.0,1.0,0.0
356,37505,063562,748009.0,1.0,1.0,0.0
357,37514,106589,13051.0,3.0,1.0,0.0
358,37534,134308,32750.0,1.0,1.0,0.0
359,37660,137131,6495.0,2.0,1.0,0.0
360,37700,061781,3285.0,3.0,1.0,0.0
361,37710,136884,9006.0,3.0,1.0,0.0
362,37726,136186,16157.0,1.0,1.0,0.0
363,37917,138122,2519.0,1.0,1.0,0.0
364,37929,175533,9355.0,3.0,1.0,0.0
365,37934,138203,13027.0,6.0,1.0,0.0
366,37943,138126,17836.0,1.0,1.0,0.0
367,37952,137642,23660.0,1.0,1.0,0.0
368,37961,032078,2675043.0,1.0,1.0,1.0
369,38400,138641,2906.0,3.0,1.0,0.0
370,38412,138341,8434.0,1.0,1.0,0.0
371,38417,112754,9789.0,1.0,1.0,0.0
372,38421,138703,11036.0,3.0,1.0,0.0
373,38431,138466,16163.0,1.0,1.0,0.0
374,38433,138662,17082.0,1.0,1.0,0.0
375,38438,138705,18457.0,1.0,1.0,0.0
376,38442,138608,20121.0,2.0,1.0,0.0
377,38467,021082,30343.0,3.0,1.0,1.0
378,38467,138747,30343.0,3.0,1.0,1.0
379,38472,138404,32530.0,6.0,1.0,0.0
380,39154,140042,6881.0,1.0,1.0,1.0
381,39154,140042,1651379.0,1.0,1.0,1.0
382,39159,140044,9764.0,1.0,1.0,0.0
383,40154,140676,27706.0,3.0,1.0,0.0
384,40203,140443,16623.0,3.0,1.0,0.0
385,40206,140445,18148.0,1.0,1.0,0.0
386,40976,133724,811.0,1.0,1.0,0.0
387,40981,141197,2614.0,1.0,1.0,0.0
388,40991,141037,13490.0,3.0,1.0,0.0
389,40998,133468,26269.0,1.0,1.0,0.0
390,40999,062977,26907.0,1.0,1.0,0.0
391,41058,111965,13115.0,1.0,1.0,0.0
392,41157,141277,11340.0,1.0,1.0,0.0
393,41265,063700,2262.0,1.0,1.0,0.0
394,41274,142106,30644.0,1.0,1.0,0.0
395,41370,128098,17162.0,3.0,1.0,0.0
396,41391,141460,27435.0,1.0,1.0,0.0
397,42119,023253,1738.0,2.0,1.0,0.0
398,42415,146156,97572.0,1.0,1.0,0.0
399,42547,144887,1912853.0,1.0,1.0,0.0
400,42787,145416,1295244.0,3.0,1.0,0.0
401,42788,145228,34213.0,1.0,1.0,0.0
402,42996,147201,127722.0,2.0,1.0,0.0
403,43014,022632,18445.0,1.0,1.0,0.0
404,43142,147885,84456.0,6.0,1.0,0.0
405,43166,065838,27597.0,4.0,0.0,1.0
406,43166,032858,2811093.0,1.0,1.0,1.0
407,43249,148219,565097.0,2.0,1.0,0.0
408,43504,014186,80044.0,2.0,1.0,0.0
409,43797,021132,1821.0,3.0,1.0,0.0
410,43907,151016,462926.0,1.0,1.0,0.0
411,44385,118733,4330.0,1.0,1.0,0.0
412,44396,150221,935146.0,6.0,1.0,1.0
413,44396,150221,1808898.0,6.0,1.0,1.0
414,44490,145160,249492.0,1.0,1.0,0.0
415,44491,155614,462763.0,3.0,1.0,0.0
416,44494,174160,47547.0,1.0,1.0,0.0
417,44496,155615,571796.0,1.0,1.0,0.0
418,44499,156133,564645.0,1.0,1.0,0.0
419,44505,018204,4391.0,2.0,1.0,0.0
420,44624,155794,254376.0,1.0,1.0,0.0
421,44627,155795,67690.0,3.0,1.0,0.0
422,44689,157865,593519.0,2.0,1.0,0.0
423,44697,157676,627917.0,6.0,1.0,0.0
424,44814,156292,494214.0,1.0,1.0,0.0
425,44881,162403,108502.0,3.0,1.0,0.0
426,44884,157217,646336.0,1.0,1.0,0.0
427,44885,141496,9831.0,1.0,1.0,0.0
428,44887,035320,95082.0,3.0,1.0,0.0
429,44888,156860,532479.0,1.0,1.0,0.0
430,44905,062288,22726.0,3.0,1.0,0.0
431,44964,142156,661508.0,4.0,1.0,0.0
432,44992,157414,461440.0,1.0,1.0,0.0
433,45003,156293,530229.0,1.0,1.0,0.0
434,45005,260919,460141.0,3.0,0.0,1.0
435,45005,160809,817058.0,1.0,1.0,1.0
436,45058,031177,4343.0,1.0,1.0,0.0
437,45068,160255,469196.0,1.0,1.0,0.0
438,45079,158734,550451.0,1.0,1.0,0.0
439,45081,146616,374642.0,1.0,1.0,0.0
440,45082,158563,138612.0,1.0,1.0,0.0
441,45084,157758,464813.0,3.0,1.0,0.0
442,45087,160237,564669.0,1.0,1.0,0.0
443,45091,157959,532470.0,1.0,1.0,0.0
444,45179,065876,469017.0,3.0,1.0,0.0
445,45180,154605,550789.0,3.0,0.0,1.0
446,45180,154605,1953399.0,1.0,1.0,1.0
447,45190,141846,105052.0,1.0,1.0,0.0
448,45191,264265,117536.0,1.0,1.0,0.0
449,45194,181617,620689.0,1.0,1.0,0.0
450,45285,141196,758100.0,3.0,1.0,0.0
451,45303,158746,253122.0,1.0,1.0,0.0
452,45305,264414,584734.0,1.0,1.0,0.0
453,45310,160607,488266.0,1.0,1.0,0.0
454,45314,264270,255136.0,1.0,1.0,0.0
455,45416,160272,467993.0,1.0,1.0,0.0
456,45420,148169,483527.0,1.0,1.0,0.0
457,45425,160340,560279.0,1.0,1.0,0.0
458,45473,065832,26934.0,3.0,1.0,0.0
459,45484,160374,80578.0,1.0,1.0,0.0
460,45529,157954,550673.0,1.0,1.0,0.0
461,45681,145935,84162.0,3.0,1.0,0.0
462,45713,264398,483541.0,1.0,1.0,0.0
463,45728,160668,114747.0,1.0,1.0,0.0
464,45857,143909,71572.0,3.0,1.0,0.0
465,45865,151630,852951.0,1.0,1.0,0.0
466,45882,160670,551024.0,2.0,1.0,0.0
467,46107,122916,7685.0,3.0,1.0,0.0
468,46110,253527,1091558.0,1.0,1.0,0.0
469,46113,147200,468941.0,1.0,1.0,0.0
470,46280,266316,484988.0,1.0,1.0,0.0
471,46285,032267,566156.0,1.0,1.0,0.0
472,46428,012942,25955.0,3.0,1.0,0.0
473,46554,146564,757210.0,4.0,1.0,0.0
474,46671,158055,550965.0,1.0,1.0,1.0
475,46671,158055,3022375.0,1.0,1.0,1.0
476,46870,162809,484090.0,1.0,1.0,0.0
477,46994,031249,620488.0,1.0,1.0,0.0
478,47007,163628,667264.0,1.0,1.0,0.0
479,47202,163919,567668.0,1.0,1.0,0.0
480,47207,163888,465949.0,1.0,1.0,0.0
481,47430,154708,600293.0,5.0,1.0,1.0
482,47430,154708,1585202.0,6.0,0.0,1.0
483,47435,163922,379112.0,1.0,1.0,0.0
484,47440,164609,488938.0,1.0,1.0,0.0
485,47447,023813,461263.0,1.0,1.0,0.0
486,47874,162956,666580.0,1.0,1.0,0.0
487,48770,021126,421272.0,3.0,1.0,0.0
488,48797,154433,925878.0,1.0,1.0,0.0
489,49989,165779,830145.0,3.0,1.0,0.0
490,49997,254096,864575.0,1.0,1.0,0.0
491,50004,165742,624472.0,1.0,1.0,0.0
492,50193,165857,530267.0,3.0,1.0,0.0
493,50197,018566,67689.0,3.0,1.0,0.0
494,50290,156617,247122.0,1.0,1.0,0.0
495,50296,165843,484942.0,1.0,1.0,0.0
496,50302,165650,42323.0,2.0,1.0,0.0
497,50304,163121,606793.0,6.0,1.0,0.0
498,50473,164266,782219.0,1.0,1.0,0.0
499,50482,166414,832353.0,1.0,1.0,0.0
500,50595,166450,583875.0,1.0,1.0,0.0
501,50600,025999,57738.0,1.0,1.0,0.0
502,50601,166435,462078.0,1.0,1.0,0.0
503,50728,153793,735325.0,2.0,1.0,0.0
504,50732,015539,383122.0,1.0,1.0,0.0
505,50956,143892,806598.0,1.0,1.0,0.0
506,50969,166591,867954.0,4.0,1.0,0.0
507,51107,066198,874935.0,2.0,1.0,0.0
508,51111,174648,74414.0,1.0,1.0,1.0
509,51111,174648,2930264.0,1.0,1.0,1.0
510,51208,032459,834644.0,1.0,1.0,0.0
511,51213,165215,735327.0,1.0,1.0,0.0
512,51300,174136,480186.0,1.0,1.0,0.0
513,51303,175483,626148.0,1.0,1.0,0.0
514,51315,175153,620137.0,1.0,1.0,0.0
515,51421,176022,550958.0,1.0,1.0,0.0
516,51442,175966,625767.0,1.0,1.0,0.0
517,51451,175490,480064.0,1.0,1.0,0.0
518,51548,174743,881222.0,3.0,1.0,0.0
519,51559,162892,633446.0,1.0,1.0,0.0
520,51562,176275,990191.0,1.0,1.0,0.0
521,51660,175424,851935.0,1.0,1.0,0.0
522,51809,166200,934868.0,3.0,1.0,0.0
523,51813,176594,836011.0,1.0,1.0,0.0
524,51819,027716,601450.0,1.0,1.0,0.0
525,51955,147817,607123.0,3.0,1.0,0.0
526,52139,176861,625142.0,3.0,1.0,0.0
527,52144,174507,583806.0,1.0,1.0,0.0
528,52284,029018,952385.0,1.0,1.0,0.0
529,52285,164270,944275.0,3.0,1.0,0.0
530,52292,175008,640267.0,1.0,1.0,0.0
531,52298,177110,469063.0,1.0,1.0,0.0
532,52306,177285,646167.0,1.0,1.0,0.0
533,52404,177764,924391.0,1.0,1.0,0.0
534,52532,025882,817360.0,3.0,1.0,0.0
535,52674,175308,665432.0,1.0,1.0,0.0
536,52697,038711,1004089.0,1.0,1.0,0.0
537,52779,178531,634355.0,2.0,1.0,0.0
538,52784,178547,794354.0,6.0,1.0,0.0
539,52809,177228,943217.0,1.0,1.0,0.0
540,52822,178855,813531.0,1.0,1.0,0.0
541,52856,178799,468865.0,6.0,1.0,0.0
542,52857,178800,583091.0,6.0,1.0,0.0
543,52864,178752,787850.0,1.0,1.0,0.0
544,52874,176017,463422.0,1.0,1.0,0.0
545,52877,176663,623824.0,6.0,1.0,0.0
546,52947,177226,650056.0,3.0,1.0,0.0
547,52971,032901,934303.0,1.0,1.0,0.0
548,53015,037325,1261522.0,1.0,1.0,0.0
549,53027,019205,2226426.0,1.0,1.0,1.0
550,53044,180231,1340719.0,2.0,1.0,0.0
551,53057,127234,1076515.0,1.0,1.0,0.0
552,53111,182015,1230042.0,1.0,1.0,0.0
553,53160,183101,561318.0,1.0,1.0,0.0
554,53198,178097,1622917.0,1.0,1.0,0.0
555,53252,183593,1586720.0,1.0,1.0,0.0
556,53255,175995,1584112.0,2.0,1.0,0.0
557,53335,027939,1650203.0,1.0,1.0,0.0
558,53347,184256,1623243.0,1.0,1.0,0.0
559,53357,183945,1637547.0,1.0,1.0,0.0
560,53365,183879,1630615.0,3.0,1.0,0.0
561,53366,184046,1633480.0,3.0,1.0,0.0
562,53386,180363,1639582.0,1.0,1.0,0.0
563,53389,179841,1639585.0,1.0,1.0,0.0
564,53401,184079,1637759.0,3.0,1.0,0.0
565,53418,184961,1676413.0,1.0,1.0,0.0
566,53495,184884,1656521.0,1.0,1.0,0.0
567,53498,184114,1655834.0,1.0,1.0,0.0
568,53532,177313,1669156.0,1.0,1.0,0.0
569,53570,179438,1674049.0,1.0,1.0,0.0
570,53574,185346,1672175.0,1.0,1.0,0.0
571,53584,062475,1064121.0,1.0,1.0,0.0
572,53585,179686,1673821.0,1.0,1.0,0.0
573,53635,185289,1677474.0,1.0,1.0,0.0
574,53652,180683,1679682.0,1.0,1.0,0.0
575,53673,185908,1687678.0,3.0,1.0,0.0
576,53674,178972,1686589.0,2.0,1.0,0.0
577,53675,185428,1686569.0,1.0,1.0,0.0
578,53682,185836,1686117.0,1.0,1.0,0.0
579,53689,185193,1691557.0,3.0,0.0,1.0
580,53689,185193,2353451.0,1.0,1.0,1.0
581,53713,293754,66112.0,1.0,1.0,0.0
582,53728,186045,1699071.0,1.0,1.0,0.0
583,53731,018350,1696286.0,1.0,1.0,0.0
584,53770,184465,1702677.0,1.0,1.0,0.0
585,53931,196055,1734864.0,3.0,1.0,0.0
586,53935,036333,1733549.0,1.0,1.0,0.0
587,53958,196269,1743836.0,1.0,1.0,0.0
588,53963,175064,1716144.0,3.0,1.0,0.0
589,53978,194255,1795040.0,1.0,1.0,0.0
590,53994,179671,1796195.0,1.0,1.0,0.0
591,53995,190580,1795008.0,3.0,1.0,0.0
592,54027,150221,935146.0,3.0,0.0,1.0
593,54027,150221,1808898.0,1.0,1.0,1.0
594,54028,187631,1809784.0,1.0,1.0,0.0
595,54069,175013,1822260.0,3.0,1.0,0.0
596,54087,186159,1816267.0,1.0,1.0,0.0
597,54088,155387,1822842.0,1.0,1.0,0.0
598,54113,140568,1823939.0,1.0,1.0,0.0
599,54115,036356,1827402.0,1.0,1.0,1.0
600,54116,170969,1829403.0,1.0,1.0,0.0
601,54144,170961,1874186.0,1.0,1.0,0.0
602,54150,171097,1875779.0,1.0,1.0,0.0
603,54194,025027,1888148.0,1.0,1.0,0.0
604,54207,170945,1897609.0,1.0,1.0,0.0
605,54224,014320,1895298.0,1.0,1.0,0.0
606,54226,005241,1895286.0,1.0,1.0,0.0
607,54228,165745,811185.0,8.0,0.0,1.0
608,54232,013835,1893736.0,1.0,1.0,0.0
609,54269,185659,1903262.0,1.0,1.0,0.0
610,54277,184339,1915431.0,2.0,1.0,0.0
611,54287,016101,1921326.0,1.0,1.0,0.0
612,54309,015489,1929126.0,1.0,1.0,1.0
613,54309,015489,3269516.0,1.0,1.0,1.0
614,54314,171022,1927877.0,1.0,1.0,0.0
615,54327,013721,1929138.0,1.0,1.0,0.0
616,54331,176636,1013165.0,6.0,0.0,1.0
617,54331,176636,1930900.0,1.0,1.0,1.0
618,54333,170450,1931124.0,1.0,1.0,0.0
619,54351,016269,1941712.0,1.0,1.0,0.0
620,54356,017350,1941400.0,3.0,1.0,0.0
621,54369,183322,1947734.0,1.0,1.0,0.0
622,54373,017498,1945758.0,1.0,1.0,0.0
623,54378,178157,1948281.0,1.0,1.0,1.0
624,54378,178157,3294090.0,1.0,1.0,1.0
625,54380,017500,1945760.0,1.0,1.0,0.0
626,54381,034528,1900566.0,9.0,0.0,1.0
627,54381,039104,1949277.0,1.0,1.0,1.0
628,54392,021132,1953385.0,3.0,1.0,0.0
629,54401,017928,1951118.0,1.0,1.0,0.0
630,54405,032715,1953649.0,1.0,1.0,0.0
631,54406,185857,1953141.0,1.0,1.0,0.0
632,54410,017808,1955677.0,1.0,1.0,0.0
633,54419,017931,1953651.0,1.0,1.0,0.0
634,54421,017688,1951125.0,1.0,1.0,0.0
635,54424,017998,1959389.0,1.0,1.0,0.0
636,54427,018162,1961087.0,1.0,1.0,0.0
637,54432,018009,1961075.0,1.0,1.0,0.0
638,54434,160578,1144644.0,9.0,0.0,1.0
639,54434,032984,1958370.0,1.0,1.0,1.0
640,54435,017567,1961442.0,1.0,1.0,0.0
641,54436,174134,1959651.0,2.0,1.0,0.0
642,54467,170730,1964532.0,1.0,1.0,0.0
643,54476,018159,1967527.0,1.0,1.0,0.0
644,54477,036525,1967814.0,1.0,1.0,0.0
645,54481,017910,1967535.0,1.0,1.0,0.0
646,54482,018115,1967805.0,2.0,1.0,0.0
647,54484,160770,604931.0,1.0,1.0,0.0
648,54485,003169,1966124.0,1.0,1.0,0.0
649,54486,018172,1967819.0,1.0,1.0,0.0
650,54496,018315,1971352.0,1.0,1.0,0.0
651,54512,021007,1974832.0,1.0,1.0,0.0
652,54514,154414,884753.0,1.0,1.0,0.0
653,54516,190856,1971668.0,1.0,1.0,0.0
654,54538,160997,1987482.0,1.0,1.0,0.0
655,54555,018173,1987460.0,1.0,1.0,0.0
656,54557,018469,1987466.0,1.0,1.0,0.0
657,54558,018430,1984469.0,1.0,1.0,0.0
658,54561,018572,954015.0,6.0,0.0,1.0
659,54561,018572,1987479.0,1.0,1.0,1.0
660,54568,018510,1985116.0,1.0,1.0,0.0
661,54600,164511,1996272.0,4.0,1.0,0.0
662,54601,018749,2000812.0,1.0,1.0,0.0
663,54605,018562,1990083.0,1.0,1.0,0.0
664,54611,016719,2006613.0,1.0,1.0,0.0
665,54614,018658,1993117.0,1.0,1.0,0.0
666,54619,183602,2000883.0,3.0,1.0,0.0
667,54620,018947,2004373.0,1.0,1.0,0.0
668,54649,018613,2007945.0,1.0,1.0,0.0
669,54655,018930,2006211.0,1.0,1.0,0.0
670,54661,018976,2010192.0,1.0,1.0,0.0
671,54680,019143,2022947.0,1.0,1.0,0.0
672,54683,018973,2022972.0,1.0,1.0,0.0
673,54685,018938,2019000.0,1.0,1.0,0.0
674,54711,038664,55119.0,1.0,1.0,0.0
675,54712,035161,931139.0,6.0,0.0,1.0
676,54712,185495,2038857.0,4.0,1.0,1.0
677,54713,019154,2040055.0,1.0,1.0,0.0
678,54714,018929,635869.0,9.0,0.0,1.0
679,54714,027046,2039686.0,1.0,1.0,1.0
680,54717,019470,2039695.0,1.0,1.0,0.0
681,54718,018878,2034697.0,1.0,1.0,0.0
682,54720,019412,2040065.0,1.0,1.0,0.0
683,54723,019149,2040052.0,1.0,1.0,0.0
684,54724,016848,2035010.0,1.0,1.0,0.0
685,54726,018925,2040042.0,1.0,1.0,0.0
686,54728,187720,2042145.0,3.0,1.0,0.0
687,54729,019418,2041385.0,1.0,1.0,0.0
688,54730,019117,2041390.0,1.0,1.0,0.0
689,54733,019534,2044217.0,1.0,1.0,0.0
690,54734,019458,1643723.0,6.0,0.0,1.0
691,54734,019458,2041832.0,1.0,1.0,1.0
692,54735,018982,2041821.0,3.0,1.0,0.0
693,54736,019784,2043752.0,1.0,1.0,0.0
694,54737,019511,2043762.0,1.0,1.0,0.0
695,54738,019425,2041422.0,3.0,1.0,0.0
696,54741,019416,2043346.0,3.0,1.0,0.0
697,54743,019471,2041842.0,1.0,1.0,0.0
698,54744,171187,2043355.0,1.0,1.0,0.0
699,54757,016947,2057189.0,1.0,1.0,0.0
700,54774,017185,2052907.0,1.0,1.0,0.0
701,54777,019967,2057471.0,1.0,1.0,0.0
702,54778,019718,2053236.0,3.0,1.0,0.0
703,54779,019859,2055831.0,1.0,1.0,0.0
704,54781,019717,2052578.0,1.0,1.0,0.0
705,54782,165563,2052614.0,1.0,1.0,0.0
706,54784,026336,2053688.0,3.0,1.0,0.0
707,54787,018424,2063103.0,1.0,1.0,0.0
708,54792,019025,2052555.0,1.0,1.0,0.0
709,54793,024506,2063054.0,1.0,1.0,0.0
710,54794,019116,2054150.0,1.0,1.0,0.0
711,54797,019832,1702279.0,6.0,0.0,1.0
712,54797,019832,2056204.0,1.0,1.0,1.0
713,54816,020042,2060475.0,1.0,1.0,0.0
714,54817,032233,2060516.0,1.0,1.0,0.0
715,54818,019912,2058933.0,1.0,1.0,0.0
716,54826,020115,2060759.0,1.0,1.0,0.0
717,54835,331856,2062001.0,1.0,1.0,0.0
718,54855,020010,2070809.0,1.0,1.0,0.0
719,54856,020033,2066810.0,1.0,1.0,0.0
720,54857,020018,2065306.0,1.0,1.0,0.0
721,54868,020040,2065362.0,1.0,1.0,0.0
722,54881,020659,2079929.0,1.0,1.0,0.0
723,54883,020645,2077794.0,1.0,1.0,0.0
724,54884,019600,2077438.0,1.0,1.0,0.0
725,54886,177179,2077445.0,1.0,1.0,0.0
726,54890,020643,2078727.0,1.0,1.0,0.0
727,54898,170520,2073903.0,1.0,1.0,0.0
728,54899,030311,2077414.0,1.0,1.0,0.0
729,54904,036536,2077814.0,1.0,1.0,0.0
730,54905,020611,2077427.0,1.0,1.0,0.0
731,54931,020228,2129696.0,1.0,1.0,0.0
732,54934,020798,2127524.0,1.0,1.0,0.0
733,54946,021020,2129671.0,1.0,1.0,0.0
734,54951,179834,2125312.0,1.0,1.0,0.0
735,54953,021223,2129204.0,1.0,1.0,0.0
736,54954,012257,2121571.0,1.0,1.0,0.0
737,54956,021008,2127503.0,1.0,1.0,0.0
738,54963,020567,2129712.0,1.0,1.0,0.0
739,54965,180866,1691487.0,9.0,0.0,1.0
740,54967,020225,2121176.0,1.0,1.0,0.0
741,54968,021015,2128073.0,1.0,1.0,0.0
742,54970,020675,1630867.0,6.0,0.0,1.0
743,54970,020675,2125324.0,3.0,1.0,1.0
744,54971,020943,2125688.0,1.0,1.0,0.0
745,54990,186974,2135592.0,1.0,1.0,0.0
746,54994,021016,2130273.0,1.0,1.0,0.0
747,54996,021145,2134641.0,1.0,1.0,0.0
748,54998,021033,2132433.0,1.0,1.0,0.0
749,54999,176199,2137907.0,1.0,1.0,0.0
750,55022,153957,2152199.0,1.0,1.0,0.0
751,55031,031301,2147307.0,1.0,1.0,0.0
752,55032,021422,2150904.0,1.0,1.0,0.0
753,55039,021150,2155317.0,1.0,1.0,0.0
754,55066,021012,2157602.0,1.0,1.0,0.0
755,55070,021627,2153684.0,1.0,1.0,0.0
756,55072,021617,2154435.0,1.0,1.0,0.0
757,55077,021826,2155219.0,6.0,1.0,0.0
758,55083,036044,2159001.0,1.0,1.0,0.0
759,55102,017653,2165352.0,1.0,1.0,0.0
760,55103,106126,2167221.0,1.0,1.0,0.0
761,55105,021841,2164651.0,1.0,1.0,0.0
762,55110,021901,2166858.0,1.0,1.0,0.0
763,55113,022039,2164733.0,1.0,1.0,0.0
764,55117,021998,2168713.0,3.0,1.0,0.0
765,55119,021739,2166779.0,1.0,1.0,0.0
766,55143,022258,2179007.0,3.0,1.0,0.0
767,55148,035712,2173149.0,1.0,1.0,0.0
768,55150,022230,2179488.0,1.0,1.0,0.0
769,55154,162735,910127.0,1.0,1.0,0.0
770,55169,035477,2211857.0,1.0,1.0,0.0
771,55173,022709,2212398.0,1.0,1.0,0.0
772,55175,022697,2212453.0,1.0,1.0,0.0
773,55177,021003,2211355.0,3.0,1.0,0.0
774,55193,019761,2055783.0,6.0,0.0,1.0
775,55193,019761,2222135.0,1.0,1.0,1.0
776,55196,032908,2218428.0,1.0,1.0,0.0
777,55197,180057,1203616.0,6.0,0.0,1.0
778,55197,180057,2221568.0,1.0,1.0,1.0
779,55199,150681,2221615.0,1.0,1.0,0.0
780,55222,037168,1104507.0,6.0,0.0,1.0
781,55222,023335,2236292.0,3.0,1.0,1.0
782,55224,023407,2241578.0,1.0,1.0,0.0
783,55225,029251,2237166.0,1.0,1.0,0.0
784,55226,023358,2236315.0,1.0,1.0,0.0
785,55227,022035,2237217.0,1.0,1.0,0.0
786,55230,023339,2236786.0,1.0,1.0,0.0
787,55236,021032,2241300.0,1.0,1.0,0.0
788,55238,023297,2236323.0,1.0,1.0,0.0
789,55269,023521,2242973.0,1.0,1.0,0.0
790,55270,023555,2243091.0,1.0,1.0,0.0
791,55274,022713,2242661.0,3.0,1.0,0.0
792,55275,032316,2285420.0,1.0,1.0,0.0
793,55276,023627,2242996.0,1.0,1.0,0.0
794,55278,182023,2291207.0,3.0,1.0,0.0
795,55279,023241,2242630.0,1.0,1.0,0.0
796,55280,023098,2285914.0,1.0,1.0,0.0
797,55293,022734,2301441.0,1.0,1.0,0.0
798,55302,023980,1655115.0,6.0,0.0,1.0
799,55302,023980,2299963.0,1.0,1.0,1.0
800,55313,021004,2300005.0,1.0,1.0,0.0
801,55315,024177,2300298.0,1.0,1.0,0.0
802,55316,032245,2297028.0,1.0,1.0,0.0
803,55317,022590,2302897.0,1.0,1.0,0.0
804,55323,036506,2300624.0,3.0,1.0,0.0
805,55339,023933,2295075.0,1.0,1.0,0.0
806,55348,024523,2307367.0,1.0,1.0,0.0
807,55355,021282,941385.0,6.0,0.0,1.0
808,55355,021282,2316952.0,1.0,1.0,1.0
809,55363,025377,2310704.0,1.0,1.0,0.0
810,55364,347007,2312903.0,1.0,1.0,0.0
811,55371,024515,2314168.0,2.0,1.0,0.0
812,55389,025077,2316938.0,1.0,1.0,0.0
813,55393,025349,2319874.0,1.0,1.0,0.0
814,55395,349972,2517786.0,1.0,1.0,0.0
815,55399,025128,2316348.0,1.0,1.0,0.0
816,55410,026146,2338046.0,1.0,1.0,0.0
817,55452,025904,2351879.0,1.0,1.0,0.0
818,55453,166447,2357108.0,1.0,1.0,0.0
819,55454,026149,2350881.0,1.0,1.0,0.0
820,55456,026112,2355071.0,1.0,1.0,0.0
821,55457,026197,2353797.0,1.0,1.0,0.0
822,55458,034942,2344735.0,2.0,1.0,0.0
823,55461,026094,1590106.0,9.0,0.0,1.0
824,55461,032365,2344697.0,1.0,1.0,1.0
825,55462,026269,2356681.0,1.0,1.0,0.0
826,55467,293919,2520893.0,3.0,1.0,0.0
827,55477,026349,2364297.0,1.0,1.0,0.0
828,55484,026081,2359530.0,1.0,1.0,0.0
829,55490,026341,2360912.0,1.0,1.0,0.0
830,55496,026669,2388035.0,1.0,1.0,0.0
831,55519,026818,2408287.0,1.0,1.0,0.0
832,55521,026874,2403688.0,1.0,1.0,0.0
833,55526,037588,2407597.0,1.0,1.0,0.0
834,55530,026895,2430928.0,1.0,1.0,0.0
835,55531,017485,2517727.0,1.0,1.0,0.0
836,55537,020649,2419952.0,1.0,1.0,0.0
837,55543,024599,2438354.0,1.0,1.0,0.0
838,55544,177367,2447316.0,1.0,1.0,0.0
839,55556,025289,18753.0,2.0,1.0,0.0
840,55568,027155,2452561.0,1.0,1.0,0.0
841,55569,026817,2456761.0,1.0,1.0,0.0
842,55571,027198,2459212.0,3.0,1.0,0.0
843,55572,026892,2463611.0,1.0,1.0,0.0
844,55573,026790,2454355.0,3.0,1.0,1.0
845,55574,187368,2455741.0,1.0,1.0,0.0
846,55586,026798,2466542.0,1.0,1.0,0.0
847,55588,026873,2467018.0,1.0,1.0,0.0
848,55591,027354,2476958.0,1.0,1.0,0.0
849,55593,027392,2481688.0,1.0,1.0,0.0
850,55606,027338,2499663.0,1.0,1.0,0.0
851,55608,027476,2497162.0,1.0,1.0,0.0
852,55612,351038,2292336.0,1.0,1.0,0.0
853,55613,027669,2493943.0,1.0,1.0,0.0
854,55615,017175,2517759.0,1.0,1.0,0.0
855,55621,033048,2520984.0,3.0,1.0,0.0
856,55671,036014,2502391.0,1.0,1.0,0.0
857,55672,019998,2504679.0,1.0,1.0,0.0
858,55673,027670,2505431.0,1.0,1.0,0.0
859,55696,027905,2528091.0,3.0,1.0,0.0
860,55742,034562,2550546.0,1.0,1.0,0.0
861,55744,027699,2313066.0,6.0,0.0,1.0
862,55744,027699,2540978.0,1.0,1.0,1.0
863,55758,028470,2550048.0,2.0,1.0,0.0
864,55795,107843,10155.0,6.0,0.0,1.0
865,55795,107843,2648536.0,1.0,1.0,1.0
866,55796,237269,2556423.0,1.0,1.0,0.0
867,55828,013484,10634.0,2.0,0.0,1.0
868,55828,013484,2578208.0,1.0,1.0,1.0
869,55834,275862,783809.0,1.0,1.0,0.0
870,55835,029914,2603853.0,1.0,1.0,0.0
871,55837,029819,2607844.0,1.0,1.0,0.0
872,55847,026162,2605433.0,1.0,1.0,0.0
873,55852,029684,2605625.0,1.0,1.0,0.0
874,55865,021178,2648341.0,1.0,1.0,0.0
875,55866,185587,2619640.0,1.0,1.0,0.0
876,55876,020756,2626288.0,1.0,1.0,0.0
877,55884,029207,2630414.0,1.0,1.0,0.0
878,55891,018638,2640453.0,3.0,1.0,0.0
879,55921,036609,2646697.0,1.0,1.0,0.0
880,55936,031294,2657879.0,1.0,1.0,0.0
881,55940,031112,2653794.0,1.0,1.0,0.0
882,55942,031061,2653388.0,3.0,1.0,0.0
883,55963,031094,2033863.0,6.0,1.0,0.0
884,55978,031656,2673818.0,1.0,1.0,0.0
885,55979,031405,2668962.0,3.0,1.0,0.0
886,55980,031848,2673008.0,1.0,1.0,0.0
887,55984,029013,2673021.0,1.0,1.0,0.0
888,55985,020621,2670940.0,1.0,1.0,0.0
889,55986,031657,2673857.0,1.0,1.0,0.0
890,55990,037350,2665494.0,1.0,1.0,0.0
891,55991,031628,2673378.0,1.0,1.0,0.0
892,55996,187665,2672023.0,1.0,1.0,0.0
893,55999,032046,2680801.0,1.0,1.0,0.0
894,56002,032193,2682408.0,1.0,1.0,0.0
895,56004,031542,2679680.0,2.0,1.0,0.0
896,56008,032018,2682938.0,1.0,1.0,0.0
897,56009,035472,1007328.0,6.0,0.0,1.0
898,56012,032219,2682912.0,1.0,1.0,0.0
899,56015,031559,2684926.0,3.0,1.0,0.0
900,56016,023337,2686624.0,1.0,1.0,0.0
901,56031,021807,2687177.0,1.0,1.0,0.0
902,56049,032347,2716916.0,1.0,1.0,0.0
903,56050,177182,2695670.0,1.0,1.0,0.0
904,56058,032356,2704628.0,1.0,1.0,0.0
905,56059,032383,2707471.0,1.0,1.0,0.0
906,56062,032348,2705668.0,1.0,1.0,0.0
907,56089,179461,2716464.0,1.0,1.0,0.0
908,56102,032451,2714699.0,1.0,1.0,0.0
909,56106,021601,2709871.0,1.0,1.0,0.0
910,56125,032529,2724089.0,3.0,1.0,0.0
911,56127,032525,2722674.0,1.0,1.0,0.0
912,56139,034621,2795949.0,1.0,1.0,0.0
913,56148,026359,2725802.0,1.0,1.0,0.0
914,56149,032607,2729338.0,9.0,1.0,0.0
915,56152,038874,2731932.0,2.0,1.0,0.0
916,56161,032601,2730252.0,1.0,1.0,0.0
917,56163,032775,2741256.0,1.0,1.0,0.0
918,56170,022803,2209759.0,3.0,1.0,0.0
919,56175,039160,2737504.0,1.0,1.0,0.0
920,56180,032795,2740679.0,3.0,1.0,0.0
921,56226,032895,2767271.0,2.0,1.0,0.0
922,56229,032674,2757351.0,1.0,1.0,0.0
923,56231,032861,2767032.0,1.0,1.0,0.0
924,56233,021522,2766996.0,1.0,1.0,0.0
925,56238,032894,2767857.0,1.0,1.0,0.0
926,56239,036987,2767882.0,1.0,1.0,0.0
927,56270,032919,2774053.0,1.0,1.0,0.0
928,56292,032941,2789784.0,1.0,1.0,0.0
929,56294,019467,2790715.0,1.0,1.0,0.0
930,56296,033240,2799227.0,1.0,1.0,0.0
931,56298,032254,2800072.0,1.0,1.0,0.0
932,56303,183729,2792074.0,1.0,1.0,0.0
933,56305,036949,2799487.0,1.0,1.0,0.0
934,56308,033133,2792812.0,1.0,1.0,0.0
935,56344,033274,2807691.0,1.0,1.0,0.0
936,56371,033444,2814691.0,3.0,1.0,0.0
937,56378,033445,2819543.0,1.0,1.0,0.0
938,56381,033317,2812896.0,1.0,1.0,0.0
939,56396,033643,2829576.0,1.0,1.0,0.0
940,56397,039527,2831760.0,1.0,1.0,0.0
941,56399,033657,2829609.0,1.0,1.0,0.0
942,56403,033641,2829195.0,1.0,1.0,0.0
943,56406,033696,2833848.0,1.0,1.0,0.0
944,56413,033631,2829870.0,1.0,1.0,0.0
945,56416,033500,2829242.0,1.0,1.0,0.0
946,56418,033664,2832595.0,1.0,1.0,0.0
947,56421,033601,2833549.0,1.0,1.0,0.0
948,56423,033600,2833412.0,3.0,1.0,0.0
949,56427,033597,2826961.0,1.0,1.0,0.0
950,56428,033660,2829220.0,1.0,1.0,0.0
951,56440,033720,2843881.0,1.0,1.0,0.0
952,56442,033721,2885437.0,1.0,1.0,0.0
953,56446,032395,2890038.0,1.0,1.0,0.0
954,56449,033743,2887908.0,1.0,1.0,0.0
955,56452,033724,2885388.0,2.0,1.0,0.0
956,56453,033723,2843776.0,1.0,1.0,0.0
957,56457,033810,2889378.0,1.0,1.0,0.0
958,56462,033751,2888163.0,1.0,1.0,0.0
959,56463,033719,2886366.0,1.0,1.0,0.0
960,56465,022387,2844483.0,1.0,1.0,0.0
961,56482,033855,2898644.0,1.0,1.0,0.0
962,56496,037534,2901579.0,1.0,1.0,0.0
963,56497,033780,2896594.0,1.0,1.0,0.0
964,56498,033955,2918725.0,1.0,1.0,0.0
965,56514,034077,2921110.0,1.0,1.0,0.0
966,56520,034016,2920509.0,1.0,1.0,0.0
967,56523,034082,2921758.0,1.0,1.0,0.0
968,56526,034015,2913680.0,1.0,1.0,0.0
969,56528,034065,2921814.0,1.0,1.0,0.0
970,56532,034135,2917996.0,2.0,1.0,0.0
971,56534,034102,2923866.0,1.0,1.0,0.0
972,56536,034161,2927408.0,1.0,1.0,0.0
973,56561,034164,2928019.0,1.0,1.0,0.0
974,56563,034118,2923820.0,1.0,1.0,0.0
975,56564,034266,2932288.0,1.0,1.0,0.0
976,56568,034160,2931466.0,6.0,1.0,0.0
977,56569,034194,2931620.0,3.0,1.0,0.0
978,56573,034241,2937637.0,1.0,1.0,0.0
979,56574,034469,2957198.0,1.0,1.0,0.0
980,56575,022387,1984187.0,3.0,1.0,0.0
981,56588,033997,2943565.0,1.0,1.0,0.0
982,56608,033155,2960208.0,1.0,1.0,0.0
983,56611,034410,2959246.0,1.0,1.0,0.0
984,56616,034429,2959363.0,1.0,1.0,0.0
985,56632,034616,2990559.0,1.0,1.0,0.0
986,56633,034578,2991420.0,1.0,1.0,0.0
987,56642,034682,2994878.0,1.0,1.0,0.0
988,56647,034587,2992532.0,1.0,1.0,0.0
989,56649,034566,2995650.0,1.0,1.0,0.0
990,56651,034078,2989739.0,1.0,1.0,0.0
991,56653,034640,3002006.0,1.0,1.0,0.0
992,56658,034600,2994875.0,2.0,1.0,0.0
993,56667,034746,3017437.0,1.0,1.0,0.0
994,56683,034883,3014748.0,1.0,1.0,0.0
995,56702,035018,3019135.0,1.0,1.0,0.0
996,56704,035014,3022451.0,1.0,1.0,0.0
997,56706,034221,3018040.0,2.0,1.0,0.0
998,56712,035006,3022341.0,1.0,1.0,0.0
999,56733,035091,3031636.0,1.0,1.0,0.0
1000,56735,035089,3030080.0,3.0,1.0,0.0
1001,56737,035102,3030069.0,1.0,1.0,0.0
1002,56740,039277,3034902.0,1.0,1.0,0.0
1003,56742,035982,3031034.0,1.0,1.0,0.0
1004,56743,035136,3035624.0,1.0,1.0,0.0
1005,56748,035090,3030027.0,1.0,1.0,0.0
1006,56758,035054,3029459.0,1.0,1.0,0.0
1007,56786,035279,3049405.0,1.0,1.0,0.0
1008,56787,035264,3049814.0,1.0,1.0,0.0
1009,56789,035267,3046564.0,1.0,1.0,0.0
1010,56790,026356,3047766.0,1.0,1.0,0.0
1011,56791,035270,3046594.0,1.0,1.0,0.0
1012,56794,035290,3049858.0,1.0,1.0,0.0
1013,56795,035280,3049315.0,1.0,1.0,0.0
1014,56797,035266,3046541.0,1.0,1.0,0.0
1015,56798,035254,3046623.0,1.0,1.0,0.0
1016,56801,035255,3046073.0,1.0,1.0,0.0
1017,56818,037851,3059049.0,1.0,1.0,0.0
1018,56828,035376,3058382.0,1.0,1.0,0.0
1019,56831,035375,3058408.0,1.0,1.0,0.0
1020,56837,033499,3065338.0,1.0,1.0,0.0
1021,56859,024598,3065413.0,1.0,1.0,0.0
1022,56873,035640,3080803.0,1.0,1.0,0.0
1023,56890,035639,3082859.0,2.0,1.0,0.0
1024,56893,035601,3080874.0,1.0,1.0,0.0
1025,56894,035600,3080850.0,1.0,1.0,0.0
1026,56895,026528,3083547.0,1.0,1.0,0.0
1027,56905,035648,3089357.0,1.0,1.0,0.0
1028,56908,035727,3099964.0,1.0,1.0,0.0
1029,56910,035647,3089499.0,1.0,1.0,0.0
1030,56916,035747,3101632.0,1.0,1.0,0.0
1031,56917,035728,3099818.0,1.0,1.0,0.0
1032,56919,035429,3101604.0,2.0,1.0,0.0
1033,56920,253355,880508.0,1.0,1.0,0.0
1034,56921,020720,3092453.0,2.0,1.0,0.0
1035,56922,035611,3099943.0,2.0,1.0,0.0
1036,56923,035630,3089461.0,1.0,1.0,0.0
1037,56924,035638,3092905.0,1.0,1.0,0.0
1038,56926,035796,3117111.0,3.0,1.0,0.0
1039,56939,035403,3105892.0,1.0,1.0,0.0
1040,56944,035776,3107241.0,1.0,1.0,0.0
1041,56947,035768,3105014.0,1.0,1.0,0.0
1042,56978,035664,3133379.0,1.0,1.0,0.0
1043,56983,035416,3154166.0,1.0,1.0,0.0
1044,56992,036052,3154242.0,1.0,1.0,0.0
1045,56997,036028,3155033.0,1.0,1.0,0.0
1046,57008,036083,3162710.0,1.0,1.0,0.0
1047,57019,035714,3158342.0,1.0,1.0,0.0
1048,57024,036016,3162020.0,1.0,1.0,0.0
1049,57030,036140,3172775.0,1.0,1.0,0.0
1050,57052,036204,3180668.0,1.0,1.0,0.0
1051,57053,037592,3177016.0,1.0,1.0,1.0
1052,57067,036328,3187074.0,1.0,1.0,0.0
1053,57068,036264,3190263.0,1.0,1.0,0.0
1054,57070,036301,3186523.0,1.0,1.0,0.0
1055,57096,036555,3203112.0,1.0,1.0,0.0
1056,57108,035958,3208232.0,1.0,1.0,0.0
1057,57109,036572,3205872.0,1.0,1.0,0.0
1058,57110,036496,3198828.0,1.0,1.0,0.0
1059,57112,037275,3198890.0,1.0,1.0,0.0
1060,57119,036599,3200702.0,1.0,1.0,0.0
1061,57122,036482,3198908.0,1.0,1.0,0.0
1062,57123,036394,3200324.0,1.0,1.0,0.0
1063,57126,036600,3200750.0,1.0,1.0,0.0
1064,57127,036464,3198367.0,1.0,1.0,0.0
1065,57128,036619,3203234.0,1.0,1.0,0.0
1066,57130,036473,3200649.0,1.0,1.0,0.0
1067,57131,036474,3201625.0,3.0,1.0,0.0
1068,57138,036642,3232539.0,1.0,1.0,0.0
1069,57140,036677,3235375.0,1.0,1.0,0.0
1070,57141,036660,3235952.0,1.0,1.0,0.0
1071,57147,036678,3209325.0,2.0,1.0,0.0
1072,57154,038076,3208282.0,1.0,1.0,0.0
1073,57160,036786,3242125.0,1.0,1.0,0.0
1074,57164,036704,3236154.0,1.0,1.0,0.0
1075,57166,036768,3239391.0,1.0,1.0,0.0
1076,57175,036769,3239291.0,1.0,1.0,0.0
1077,57176,036679,3239382.0,1.0,1.0,0.0
1078,57182,036767,3239319.0,1.0,1.0,0.0
1079,57183,036705,3236125.0,1.0,1.0,0.0
1080,57185,034609,3232266.0,1.0,1.0,0.0
1081,57190,039142,3231323.0,1.0,1.0,0.0
1082,57201,036819,2685633.0,1.0,1.0,0.0
1083,57224,038979,3245872.0,1.0,1.0,0.0
1084,57229,036779,3245644.0,1.0,1.0,0.0
1085,57234,038027,3247855.0,1.0,1.0,1.0
1086,57241,036847,3251556.0,1.0,1.0,0.0
1087,57244,035306,3251592.0,1.0,1.0,0.0
1088,57252,021263,3257119.0,1.0,1.0,0.0
1089,57327,037036,3272341.0,2.0,1.0,0.0
1090,57328,037063,3272633.0,1.0,1.0,0.0
1091,57330,039525,3268710.0,1.0,1.0,0.0
1092,57333,036915,3268571.0,1.0,1.0,0.0
1093,57334,039402,3260095.0,1.0,1.0,0.0
1094,57335,019549,3269925.0,1.0,1.0,0.0
1095,57337,038960,3260477.0,1.0,1.0,0.0
1096,57343,036911,3268017.0,1.0,1.0,0.0
1097,57346,036558,3272653.0,1.0,1.0,0.0
1098,57347,024966,3276671.0,1.0,1.0,0.0
1099,57348,037062,3272250.0,1.0,1.0,0.0
1100,57351,036952,3267358.0,1.0,1.0,0.0
1101,57361,037013,3271962.0,1.0,1.0,0.0
1102,57367,037102,3279294.0,1.0,1.0,0.0
1103,57393,037282,3291562.0,3.0,1.0,0.0
1104,57418,037292,3291371.0,1.0,1.0,0.0
1105,57423,037084,3283545.0,1.0,1.0,0.0
1106,57426,036985,3278922.0,1.0,1.0,0.0
1107,57428,038082,3291655.0,3.0,1.0,0.0
1108,57431,037081,3275879.0,1.0,1.0,0.0
1109,57432,035154,3282369.0,3.0,1.0,0.0
1110,57438,037135,3287839.0,1.0,1.0,0.0
1111,57444,037035,3275872.0,1.0,1.0,0.0
1112,57446,036465,3283883.0,1.0,1.0,0.0
1113,57456,037083,3275876.0,1.0,1.0,0.0
1114,57458,036848,3279902.0,1.0,1.0,0.0
1115,57459,032846,3275907.0,1.0,1.0,0.0
1116,57460,037187,3283580.0,1.0,1.0,0.0
1117,57463,037105,3279484.0,1.0,1.0,0.0
1118,57465,037110,3279550.0,1.0,1.0,0.0
1119,57466,037082,3283738.0,1.0,1.0,0.0
1120,57529,007637,3299324.0,1.0,1.0,0.0
1121,57530,037412,3297407.0,1.0,1.0,0.0
1122,57531,037354,3301059.0,1.0,1.0,0.0
1123,57555,037473,2640453.0,1.0,1.0,0.0
1124,57569,178291,3303085.0,1.0,1.0,0.0
1125,57570,039850,3302147.0,1.0,1.0,0.0
1126,57576,319917,2298387.0,3.0,1.0,0.0
1127,57577,017651,3296371.0,1.0,1.0,0.0
1128,57585,037486,3306764.0,1.0,1.0,0.0
1129,57586,037425,3307774.0,1.0,1.0,0.0
1130,57614,037541,3314470.0,1.0,1.0,0.0
1131,57615,185946,3313909.0,3.0,1.0,0.0
1132,57617,037633,2894282.0,1.0,1.0,0.0
1133,57620,025472,3311483.0,1.0,1.0,0.0
1134,57621,106100,3311452.0,1.0,1.0,0.0
1135,57626,035729,3312119.0,1.0,1.0,0.0
1136,57629,035422,3317877.0,1.0,1.0,0.0
1137,57635,036787,3317827.0,1.0,1.0,0.0
1138,57655,037495,3307513.0,1.0,1.0,0.0
1139,57657,035050,3314561.0,1.0,1.0,0.0
1140,57658,037488,3307623.0,3.0,1.0,0.0
1141,57663,036530,3314750.0,1.0,1.0,0.0
1142,57713,039951,3327591.0,1.0,1.0,0.0
1143,57720,037675,3325442.0,1.0,1.0,0.0
1144,57728,037744,3328611.0,1.0,1.0,0.0
1145,57761,039510,3325516.0,1.0,1.0,0.0
1146,57796,037925,3341165.0,1.0,1.0,0.0
1147,57905,020307,3342245.0,1.0,1.0,0.0
1148,57914,037786,3342213.0,1.0,1.0,0.0
1149,57926,037863,3347021.0,1.0,1.0,0.0
1150,57933,037907,3350099.0,1.0,1.0,0.0
1151,57951,037924,3341230.0,1.0,1.0,0.0
1152,57953,037807,3346366.0,1.0,1.0,0.0
1153,57958,037808,3346694.0,1.0,1.0,0.0
1154,57979,037825,3341443.0,1.0,1.0,0.0
1155,57981,039680,3354426.0,1.0,1.0,0.0
1156,57984,037848,3342274.0,1.0,1.0,0.0
1157,57986,037872,3346973.0,1.0,1.0,0.0
1158,57993,037938,3345079.0,1.0,1.0,0.0
1159,57994,037844,3342336.0,1.0,1.0,0.0
1160,57995,037549,3349871.0,1.0,1.0,0.0
1161,58005,038386,3368800.0,1.0,1.0,0.0
1162,58012,038441,3372585.0,1.0,1.0,0.0
1163,58096,038467,3373086.0,1.0,1.0,0.0
1164,58098,038389,3368941.0,1.0,1.0,0.0
1165,58105,038333,3368670.0,1.0,1.0,0.0
1166,58118,038469,3372545.0,1.0,1.0,0.0
1167,58127,038284,3364499.0,1.0,1.0,0.0
1168,58153,038342,3364707.0,1.0,1.0,0.0
1169,58171,038474,3383118.0,1.0,1.0,0.0
1170,58193,038527,3382753.0,1.0,1.0,0.0
1171,58196,038529,3383124.0,1.0,1.0,0.0
1172,58198,038187,3378098.0,1.0,1.0,0.0
1173,58204,038625,3389070.0,1.0,1.0,0.0
1174,58206,038674,3386169.0,1.0,1.0,0.0
1175,58216,038697,3385922.0,1.0,1.0,0.0
1176,58218,038453,3380246.0,1.0,1.0,0.0
1177,58235,038821,3394496.0,1.0,1.0,0.0
1178,58275,038763,3397951.0,1.0,1.0,0.0
1179,58278,038706,3390819.0,1.0,1.0,0.0
1180,58288,038783,3397377.0,1.0,1.0,0.0
1181,58310,038738,3391256.0,1.0,1.0,0.0
1182,58312,038782,3393200.0,1.0,1.0,0.0
1183,58314,137441,3399893.0,3.0,1.0,0.0
1184,58319,038883,3408307.0,1.0,1.0,0.0
1185,58327,039018,3408934.0,3.0,1.0,0.0
1186,58427,038910,3412624.0,1.0,1.0,0.0
1187,58428,038791,3406824.0,1.0,1.0,0.0
1188,58431,038987,3415440.0,1.0,1.0,0.0
1189,58438,038925,3408980.0,1.0,1.0,0.0
1190,58447,039060,3412590.0,1.0,1.0,0.0
1191,58453,039057,3411925.0,1.0,1.0,0.0
1192,58458,039063,3412098.0,1.0,1.0,0.0
1193,58460,038661,3411896.0,1.0,1.0,0.0
1194,58467,038920,3409717.0,1.0,1.0,0.0
1195,58470,038857,3405371.0,1.0,1.0,0.0
1196,58477,038917,3411941.0,1.0,1.0,0.0
1197,58488,037386,3402636.0,1.0,1.0,0.0
1198,58492,039051,3412214.0,1.0,1.0,0.0
1199,58495,038908,3408345.0,1.0,1.0,0.0
1200,58504,039198,3423221.0,1.0,1.0,0.0
1201,58507,039175,3425645.0,1.0,1.0,0.0
1202,58509,039246,3426757.0,1.0,1.0,0.0
1203,58544,038986,3416250.0,1.0,1.0,0.0
1204,58553,039269,3427649.0,1.0,1.0,0.0
1205,58557,039291,3426359.0,1.0,1.0,0.0
1206,58568,038900,3424283.0,1.0,1.0,0.0
1207,58572,039358,3429001.0,1.0,1.0,0.0
1208,58575,039203,3422988.0,1.0,1.0,0.0
1209,58576,039189,3430128.0,1.0,1.0,0.0
1210,58577,037352,3430157.0,1.0,1.0,0.0
1211,58583,321429,2433698.0,1.0,1.0,0.0
1212,58584,039344,3429591.0,1.0,1.0,0.0
1213,58587,039181,3430212.0,1.0,1.0,0.0
1214,58591,039190,3430241.0,1.0,1.0,0.0
1215,58595,039359,3429636.0,1.0,1.0,0.0
1216,58596,038511,3419419.0,1.0,1.0,0.0
1217,58599,039170,3422503.0,1.0,1.0,0.0
1218,58608,038745,3423033.0,1.0,1.0,0.0
1219,58609,039204,3430024.0,1.0,1.0,0.0
1220,58611,038867,3421238.0,1.0,1.0,0.0
1221,58622,039266,3433257.0,1.0,1.0,0.0
1222,58640,039801,3431836.0,2.0,1.0,0.0
1223,58659,038993,3436140.0,1.0,1.0,0.0
1224,58660,039271,3434212.0,1.0,1.0,0.0
1225,58675,155913,3434462.0,1.0,1.0,0.0
1226,58680,039411,3441250.0,1.0,1.0,0.0
1227,58683,035121,3441849.0,3.0,1.0,0.0
1228,58716,039508,3449211.0,1.0,1.0,0.0
1229,58731,039089,3449382.0,1.0,1.0,0.0
1230,58748,039278,3453516.0,1.0,1.0,0.0
1231,58750,039477,3448971.0,1.0,1.0,0.0
1232,58829,039872,3469795.0,1.0,1.0,0.0
1233,58832,026579,3463271.0,1.0,1.0,0.0
1234,58833,039342,3469921.0,1.0,1.0,0.0
1235,58839,039290,3461175.0,1.0,1.0,0.0
1236,58841,039633,3465240.0,1.0,1.0,0.0
1237,58860,039642,3463304.0,1.0,1.0,0.0
1238,58862,039307,3460932.0,1.0,1.0,0.0
1239,58873,031942,3457936.0,1.0,1.0,0.0
1240,58881,039683,3461168.0,1.0,1.0,0.0
1241,58894,039665,3460242.0,1.0,1.0,0.0
1242,58895,039869,3470013.0,1.0,1.0,0.0
1243,58896,039907,3472329.0,1.0,1.0,0.0
1244,58902,039774,3465778.0,1.0,1.0,0.0
1245,58905,039806,3466031.0,1.0,1.0,0.0
1246,58928,066042,3472355.0,1.0,1.0,0.0
1247,58932,037364,3471467.0,1.0,1.0,0.0
1248,58935,039941,3474726.0,1.0,1.0,0.0
1249,58956,039813,3470929.0,1.0,1.0,0.0
1250,58989,039868,3474360.0,1.0,1.0,0.0
1251,59054,322154,2038343.0,1.0,1.0,0.0
1252,59064,182902,3483084.0,2.0,1.0,0.0
1253,59066,039620,3484694.0,1.0,1.0,0.0
1254,59085,039677,3487642.0,1.0,1.0,0.0
1255,59116,040470,3495163.0,1.0,1.0,0.0
1256,59123,040475,3495137.0,1.0,1.0,0.0
1257,59131,039755,3496394.0,1.0,1.0,0.0
1258,59145,040307,3495051.0,1.0,1.0,0.0
1259,59163,040610,3505046.0,1.0,1.0,0.0
1260,59168,039863,3510236.0,2.0,1.0,0.0
1261,59188,039839,3505196.0,1.0,1.0,0.0
1262,59195,040492,3509479.0,3.0,1.0,0.0
1263,59220,040833,3520482.0,1.0,1.0,0.0
1264,59258,034025,3528578.0,1.0,1.0,0.0
1265,59265,041118,3528590.0,1.0,1.0,0.0
1266,59296,041225,3530158.0,1.0,1.0,0.0
1267,59359,036789,3560714.0,1.0,1.0,0.0
1268,59404,170430,3569029.0,1.0,1.0,0.0
1269,59659,178413,3685422.0,1.0,1.0,0.0
1270,59681,039018,3408934.0,3.0,1.0,0.0
